--
-- PostgreSQL database dump
--

-- Dumped from database version 16.3
-- Dumped by pg_dump version 16.3

SET statement_timeout = 0;
SET lock_timeout = 0;
SET idle_in_transaction_session_timeout = 0;
SET client_encoding = 'UTF8';
SET standard_conforming_strings = on;
SELECT pg_catalog.set_config('search_path', '', false);
SET check_function_bodies = false;
SET xmloption = content;
SET client_min_messages = warning;
SET row_security = off;

SET default_tablespace = '';

SET default_table_access_method = heap;

--
-- Name: SportManagerApp_competition; Type: TABLE; Schema: public; Owner: postgres
--

CREATE TABLE public."SportManagerApp_competition" (
    competition_id integer NOT NULL,
    name character varying(100) NOT NULL,
    prize_pool numeric(10,2) NOT NULL,
    league character varying(100) NOT NULL,
    sport_type character varying(100) NOT NULL
);


ALTER TABLE public."SportManagerApp_competition" OWNER TO postgres;

--
-- Name: SportManagerApp_competition_competition_id_seq; Type: SEQUENCE; Schema: public; Owner: postgres
--

ALTER TABLE public."SportManagerApp_competition" ALTER COLUMN competition_id ADD GENERATED BY DEFAULT AS IDENTITY (
    SEQUENCE NAME public."SportManagerApp_competition_competition_id_seq"
    START WITH 1
    INCREMENT BY 1
    NO MINVALUE
    NO MAXVALUE
    CACHE 1
);


--
-- Name: SportManagerApp_match; Type: TABLE; Schema: public; Owner: postgres
--

CREATE TABLE public."SportManagerApp_match" (
    match_id integer NOT NULL,
    datetime timestamp with time zone NOT NULL,
    location character varying(100) NOT NULL,
    duration interval NOT NULL,
    competition_id integer NOT NULL
);


ALTER TABLE public."SportManagerApp_match" OWNER TO postgres;

--
-- Name: SportManagerApp_match_match_id_seq; Type: SEQUENCE; Schema: public; Owner: postgres
--

ALTER TABLE public."SportManagerApp_match" ALTER COLUMN match_id ADD GENERATED BY DEFAULT AS IDENTITY (
    SEQUENCE NAME public."SportManagerApp_match_match_id_seq"
    START WITH 1
    INCREMENT BY 1
    NO MINVALUE
    NO MAXVALUE
    CACHE 1
);


--
-- Name: SportManagerApp_matchteam; Type: TABLE; Schema: public; Owner: postgres
--

CREATE TABLE public."SportManagerApp_matchteam" (
    match_team_id integer NOT NULL,
    team_score integer NOT NULL,
    match_id integer NOT NULL,
    team_id integer NOT NULL,
    CONSTRAINT "SportManagerApp_matchteam_team_score_check" CHECK ((team_score >= 0))
);


ALTER TABLE public."SportManagerApp_matchteam" OWNER TO postgres;

--
-- Name: SportManagerApp_matchteam_match_team_id_seq; Type: SEQUENCE; Schema: public; Owner: postgres
--

ALTER TABLE public."SportManagerApp_matchteam" ALTER COLUMN match_team_id ADD GENERATED BY DEFAULT AS IDENTITY (
    SEQUENCE NAME public."SportManagerApp_matchteam_match_team_id_seq"
    START WITH 1
    INCREMENT BY 1
    NO MINVALUE
    NO MAXVALUE
    CACHE 1
);


--
-- Name: SportManagerApp_sensor; Type: TABLE; Schema: public; Owner: postgres
--

CREATE TABLE public."SportManagerApp_sensor" (
    sensor_id integer NOT NULL,
    heart_rate integer NOT NULL,
    CONSTRAINT "SportManagerApp_sensor_heart_rate_check" CHECK ((heart_rate >= 0))
);


ALTER TABLE public."SportManagerApp_sensor" OWNER TO postgres;

--
-- Name: SportManagerApp_sensor_sensor_id_seq; Type: SEQUENCE; Schema: public; Owner: postgres
--

ALTER TABLE public."SportManagerApp_sensor" ALTER COLUMN sensor_id ADD GENERATED BY DEFAULT AS IDENTITY (
    SEQUENCE NAME public."SportManagerApp_sensor_sensor_id_seq"
    START WITH 1
    INCREMENT BY 1
    NO MINVALUE
    NO MAXVALUE
    CACHE 1
);


--
-- Name: SportManagerApp_team; Type: TABLE; Schema: public; Owner: postgres
--

CREATE TABLE public."SportManagerApp_team" (
    team_id integer NOT NULL,
    name character varying(100) NOT NULL,
    city character varying(100) NOT NULL,
    sport_type character varying(100) NOT NULL
);


ALTER TABLE public."SportManagerApp_team" OWNER TO postgres;

--
-- Name: SportManagerApp_team_team_id_seq; Type: SEQUENCE; Schema: public; Owner: postgres
--

ALTER TABLE public."SportManagerApp_team" ALTER COLUMN team_id ADD GENERATED BY DEFAULT AS IDENTITY (
    SEQUENCE NAME public."SportManagerApp_team_team_id_seq"
    START WITH 1
    INCREMENT BY 1
    NO MINVALUE
    NO MAXVALUE
    CACHE 1
);


--
-- Name: SportManagerApp_training; Type: TABLE; Schema: public; Owner: postgres
--

CREATE TABLE public."SportManagerApp_training" (
    training_id integer NOT NULL,
    datetime timestamp with time zone NOT NULL,
    location character varying(100) NOT NULL,
    duration interval NOT NULL
);


ALTER TABLE public."SportManagerApp_training" OWNER TO postgres;

--
-- Name: SportManagerApp_training_training_id_seq; Type: SEQUENCE; Schema: public; Owner: postgres
--

ALTER TABLE public."SportManagerApp_training" ALTER COLUMN training_id ADD GENERATED BY DEFAULT AS IDENTITY (
    SEQUENCE NAME public."SportManagerApp_training_training_id_seq"
    START WITH 1
    INCREMENT BY 1
    NO MINVALUE
    NO MAXVALUE
    CACHE 1
);


--
-- Name: SportManagerApp_user; Type: TABLE; Schema: public; Owner: postgres
--

CREATE TABLE public."SportManagerApp_user" (
    last_login timestamp with time zone,
    user_id integer NOT NULL,
    email character varying(254) NOT NULL,
    password character varying(128) NOT NULL,
    first_name character varying(50) NOT NULL,
    age integer NOT NULL,
    gender character varying(10) NOT NULL,
    height integer NOT NULL,
    weight integer NOT NULL,
    role character varying(50) NOT NULL,
    team_id integer,
    CONSTRAINT "SportManagerApp_user_age_check" CHECK ((age >= 0)),
    CONSTRAINT "SportManagerApp_user_height_check" CHECK ((height >= 0)),
    CONSTRAINT "SportManagerApp_user_weight_check" CHECK ((weight >= 0))
);


ALTER TABLE public."SportManagerApp_user" OWNER TO postgres;

--
-- Name: SportManagerApp_user_user_id_seq; Type: SEQUENCE; Schema: public; Owner: postgres
--

ALTER TABLE public."SportManagerApp_user" ALTER COLUMN user_id ADD GENERATED BY DEFAULT AS IDENTITY (
    SEQUENCE NAME public."SportManagerApp_user_user_id_seq"
    START WITH 1
    INCREMENT BY 1
    NO MINVALUE
    NO MAXVALUE
    CACHE 1
);


--
-- Name: SportManagerApp_usertraining; Type: TABLE; Schema: public; Owner: postgres
--

CREATE TABLE public."SportManagerApp_usertraining" (
    user_training_id integer NOT NULL,
    intensity integer NOT NULL,
    sensor_id integer NOT NULL,
    training_id integer NOT NULL,
    user_id integer NOT NULL,
    CONSTRAINT "SportManagerApp_usertraining_intensity_check" CHECK ((intensity >= 0))
);


ALTER TABLE public."SportManagerApp_usertraining" OWNER TO postgres;

--
-- Name: SportManagerApp_usertraining_user_training_id_seq; Type: SEQUENCE; Schema: public; Owner: postgres
--

ALTER TABLE public."SportManagerApp_usertraining" ALTER COLUMN user_training_id ADD GENERATED BY DEFAULT AS IDENTITY (
    SEQUENCE NAME public."SportManagerApp_usertraining_user_training_id_seq"
    START WITH 1
    INCREMENT BY 1
    NO MINVALUE
    NO MAXVALUE
    CACHE 1
);


--
-- Name: auth_group; Type: TABLE; Schema: public; Owner: postgres
--

CREATE TABLE public.auth_group (
    id integer NOT NULL,
    name character varying(150) NOT NULL
);


ALTER TABLE public.auth_group OWNER TO postgres;

--
-- Name: auth_group_id_seq; Type: SEQUENCE; Schema: public; Owner: postgres
--

ALTER TABLE public.auth_group ALTER COLUMN id ADD GENERATED BY DEFAULT AS IDENTITY (
    SEQUENCE NAME public.auth_group_id_seq
    START WITH 1
    INCREMENT BY 1
    NO MINVALUE
    NO MAXVALUE
    CACHE 1
);


--
-- Name: auth_group_permissions; Type: TABLE; Schema: public; Owner: postgres
--

CREATE TABLE public.auth_group_permissions (
    id bigint NOT NULL,
    group_id integer NOT NULL,
    permission_id integer NOT NULL
);


ALTER TABLE public.auth_group_permissions OWNER TO postgres;

--
-- Name: auth_group_permissions_id_seq; Type: SEQUENCE; Schema: public; Owner: postgres
--

ALTER TABLE public.auth_group_permissions ALTER COLUMN id ADD GENERATED BY DEFAULT AS IDENTITY (
    SEQUENCE NAME public.auth_group_permissions_id_seq
    START WITH 1
    INCREMENT BY 1
    NO MINVALUE
    NO MAXVALUE
    CACHE 1
);


--
-- Name: auth_permission; Type: TABLE; Schema: public; Owner: postgres
--

CREATE TABLE public.auth_permission (
    id integer NOT NULL,
    name character varying(255) NOT NULL,
    content_type_id integer NOT NULL,
    codename character varying(100) NOT NULL
);


ALTER TABLE public.auth_permission OWNER TO postgres;

--
-- Name: auth_permission_id_seq; Type: SEQUENCE; Schema: public; Owner: postgres
--

ALTER TABLE public.auth_permission ALTER COLUMN id ADD GENERATED BY DEFAULT AS IDENTITY (
    SEQUENCE NAME public.auth_permission_id_seq
    START WITH 1
    INCREMENT BY 1
    NO MINVALUE
    NO MAXVALUE
    CACHE 1
);


--
-- Name: auth_user; Type: TABLE; Schema: public; Owner: postgres
--

CREATE TABLE public.auth_user (
    id integer NOT NULL,
    password character varying(128) NOT NULL,
    last_login timestamp with time zone,
    is_superuser boolean NOT NULL,
    username character varying(150) NOT NULL,
    first_name character varying(150) NOT NULL,
    last_name character varying(150) NOT NULL,
    email character varying(254) NOT NULL,
    is_staff boolean NOT NULL,
    is_active boolean NOT NULL,
    date_joined timestamp with time zone NOT NULL
);


ALTER TABLE public.auth_user OWNER TO postgres;

--
-- Name: auth_user_groups; Type: TABLE; Schema: public; Owner: postgres
--

CREATE TABLE public.auth_user_groups (
    id bigint NOT NULL,
    user_id integer NOT NULL,
    group_id integer NOT NULL
);


ALTER TABLE public.auth_user_groups OWNER TO postgres;

--
-- Name: auth_user_groups_id_seq; Type: SEQUENCE; Schema: public; Owner: postgres
--

ALTER TABLE public.auth_user_groups ALTER COLUMN id ADD GENERATED BY DEFAULT AS IDENTITY (
    SEQUENCE NAME public.auth_user_groups_id_seq
    START WITH 1
    INCREMENT BY 1
    NO MINVALUE
    NO MAXVALUE
    CACHE 1
);


--
-- Name: auth_user_id_seq; Type: SEQUENCE; Schema: public; Owner: postgres
--

ALTER TABLE public.auth_user ALTER COLUMN id ADD GENERATED BY DEFAULT AS IDENTITY (
    SEQUENCE NAME public.auth_user_id_seq
    START WITH 1
    INCREMENT BY 1
    NO MINVALUE
    NO MAXVALUE
    CACHE 1
);


--
-- Name: auth_user_user_permissions; Type: TABLE; Schema: public; Owner: postgres
--

CREATE TABLE public.auth_user_user_permissions (
    id bigint NOT NULL,
    user_id integer NOT NULL,
    permission_id integer NOT NULL
);


ALTER TABLE public.auth_user_user_permissions OWNER TO postgres;

--
-- Name: auth_user_user_permissions_id_seq; Type: SEQUENCE; Schema: public; Owner: postgres
--

ALTER TABLE public.auth_user_user_permissions ALTER COLUMN id ADD GENERATED BY DEFAULT AS IDENTITY (
    SEQUENCE NAME public.auth_user_user_permissions_id_seq
    START WITH 1
    INCREMENT BY 1
    NO MINVALUE
    NO MAXVALUE
    CACHE 1
);


--
-- Name: django_admin_log; Type: TABLE; Schema: public; Owner: postgres
--

CREATE TABLE public.django_admin_log (
    id integer NOT NULL,
    action_time timestamp with time zone NOT NULL,
    object_id text,
    object_repr character varying(200) NOT NULL,
    action_flag smallint NOT NULL,
    change_message text NOT NULL,
    content_type_id integer,
    user_id integer NOT NULL,
    CONSTRAINT django_admin_log_action_flag_check CHECK ((action_flag >= 0))
);


ALTER TABLE public.django_admin_log OWNER TO postgres;

--
-- Name: django_admin_log_id_seq; Type: SEQUENCE; Schema: public; Owner: postgres
--

ALTER TABLE public.django_admin_log ALTER COLUMN id ADD GENERATED BY DEFAULT AS IDENTITY (
    SEQUENCE NAME public.django_admin_log_id_seq
    START WITH 1
    INCREMENT BY 1
    NO MINVALUE
    NO MAXVALUE
    CACHE 1
);


--
-- Name: django_content_type; Type: TABLE; Schema: public; Owner: postgres
--

CREATE TABLE public.django_content_type (
    id integer NOT NULL,
    app_label character varying(100) NOT NULL,
    model character varying(100) NOT NULL
);


ALTER TABLE public.django_content_type OWNER TO postgres;

--
-- Name: django_content_type_id_seq; Type: SEQUENCE; Schema: public; Owner: postgres
--

ALTER TABLE public.django_content_type ALTER COLUMN id ADD GENERATED BY DEFAULT AS IDENTITY (
    SEQUENCE NAME public.django_content_type_id_seq
    START WITH 1
    INCREMENT BY 1
    NO MINVALUE
    NO MAXVALUE
    CACHE 1
);


--
-- Name: django_migrations; Type: TABLE; Schema: public; Owner: postgres
--

CREATE TABLE public.django_migrations (
    id bigint NOT NULL,
    app character varying(255) NOT NULL,
    name character varying(255) NOT NULL,
    applied timestamp with time zone NOT NULL
);


ALTER TABLE public.django_migrations OWNER TO postgres;

--
-- Name: django_migrations_id_seq; Type: SEQUENCE; Schema: public; Owner: postgres
--

ALTER TABLE public.django_migrations ALTER COLUMN id ADD GENERATED BY DEFAULT AS IDENTITY (
    SEQUENCE NAME public.django_migrations_id_seq
    START WITH 1
    INCREMENT BY 1
    NO MINVALUE
    NO MAXVALUE
    CACHE 1
);


--
-- Name: django_session; Type: TABLE; Schema: public; Owner: postgres
--

CREATE TABLE public.django_session (
    session_key character varying(40) NOT NULL,
    session_data text NOT NULL,
    expire_date timestamp with time zone NOT NULL
);


ALTER TABLE public.django_session OWNER TO postgres;

--
-- Data for Name: SportManagerApp_competition; Type: TABLE DATA; Schema: public; Owner: postgres
--

COPY public."SportManagerApp_competition" (competition_id, name, prize_pool, league, sport_type) FROM stdin;
1	Updated Test Competition	25000.00	Premier League	Football
2	NBA 2024	100000.00	NBA	Basketball
\.


--
-- Data for Name: SportManagerApp_match; Type: TABLE DATA; Schema: public; Owner: postgres
--

COPY public."SportManagerApp_match" (match_id, datetime, location, duration, competition_id) FROM stdin;
6	2024-03-05 16:30:00+02	Warsaw	01:31:00	1
\.


--
-- Data for Name: SportManagerApp_matchteam; Type: TABLE DATA; Schema: public; Owner: postgres
--

COPY public."SportManagerApp_matchteam" (match_team_id, team_score, match_id, team_id) FROM stdin;
15	7	6	3
16	5	6	4
\.


--
-- Data for Name: SportManagerApp_sensor; Type: TABLE DATA; Schema: public; Owner: postgres
--

COPY public."SportManagerApp_sensor" (sensor_id, heart_rate) FROM stdin;
1	120
\.


--
-- Data for Name: SportManagerApp_team; Type: TABLE DATA; Schema: public; Owner: postgres
--

COPY public."SportManagerApp_team" (team_id, name, city, sport_type) FROM stdin;
3	FC Barcelona	Barcelona	Football
4	Manchester City	Manchester	Football
\.


--
-- Data for Name: SportManagerApp_training; Type: TABLE DATA; Schema: public; Owner: postgres
--

COPY public."SportManagerApp_training" (training_id, datetime, location, duration) FROM stdin;
3	2024-04-12 10:00:00+03	Training Ground, Barcelona	01:00:00
4	2024-05-28 15:00:00+03	NSC Olympiyskiy, Kyiv	01:30:00
\.


--
-- Data for Name: SportManagerApp_user; Type: TABLE DATA; Schema: public; Owner: postgres
--

COPY public."SportManagerApp_user" (last_login, user_id, email, password, first_name, age, gender, height, weight, role, team_id) FROM stdin;
2024-06-26 08:13:55.778023+03	3	bestcoach52@example.com	pbkdf2_sha256$600000$voGmuow6IHlk1PRr87hDQZ$fRZ4DgC/7gZavlF2YBtcFsw/2XAUnsFTbcQ3qmkH2fo=	Alex	52	male	176	75	coach	3
2024-06-26 11:01:45.409687+03	1	testuser@example.com	pbkdf2_sha256$600000$xJjhUqwTj6qQdYVABWfbO2$3j4r8llA9Yklc9VCF5IsgN4gZ5ytl+6Jjbu/vBW39oY=	Test	25	male	180	75	sportsman	3
2024-06-26 11:36:09.392245+03	2	sportadmin@example.com	pbkdf2_sha256$600000$rWljSb0a7eiQXWb3ChbYFF$ckI8RKKSq/fZXJ82N1rjbu/RXmlFrB4OP9LNrZ1meWE=	Admin	29	male	186	73	admin	\N
\.


--
-- Data for Name: SportManagerApp_usertraining; Type: TABLE DATA; Schema: public; Owner: postgres
--

COPY public."SportManagerApp_usertraining" (user_training_id, intensity, sensor_id, training_id, user_id) FROM stdin;
4	80	1	3	1
5	110	1	4	1
\.


--
-- Data for Name: auth_group; Type: TABLE DATA; Schema: public; Owner: postgres
--

COPY public.auth_group (id, name) FROM stdin;
\.


--
-- Data for Name: auth_group_permissions; Type: TABLE DATA; Schema: public; Owner: postgres
--

COPY public.auth_group_permissions (id, group_id, permission_id) FROM stdin;
\.


--
-- Data for Name: auth_permission; Type: TABLE DATA; Schema: public; Owner: postgres
--

COPY public.auth_permission (id, name, content_type_id, codename) FROM stdin;
1	Can add log entry	1	add_logentry
2	Can change log entry	1	change_logentry
3	Can delete log entry	1	delete_logentry
4	Can view log entry	1	view_logentry
5	Can add permission	2	add_permission
6	Can change permission	2	change_permission
7	Can delete permission	2	delete_permission
8	Can view permission	2	view_permission
9	Can add group	3	add_group
10	Can change group	3	change_group
11	Can delete group	3	delete_group
12	Can view group	3	view_group
13	Can add user	4	add_user
14	Can change user	4	change_user
15	Can delete user	4	delete_user
16	Can view user	4	view_user
17	Can add content type	5	add_contenttype
18	Can change content type	5	change_contenttype
19	Can delete content type	5	delete_contenttype
20	Can view content type	5	view_contenttype
21	Can add session	6	add_session
22	Can change session	6	change_session
23	Can delete session	6	delete_session
24	Can view session	6	view_session
25	Can add competition	7	add_competition
26	Can change competition	7	change_competition
27	Can delete competition	7	delete_competition
28	Can view competition	7	view_competition
29	Can add match	8	add_match
30	Can change match	8	change_match
31	Can delete match	8	delete_match
32	Can view match	8	view_match
33	Can add sensor	9	add_sensor
34	Can change sensor	9	change_sensor
35	Can delete sensor	9	delete_sensor
36	Can view sensor	9	view_sensor
37	Can add team	10	add_team
38	Can change team	10	change_team
39	Can delete team	10	delete_team
40	Can view team	10	view_team
41	Can add training	11	add_training
42	Can change training	11	change_training
43	Can delete training	11	delete_training
44	Can view training	11	view_training
45	Can add user	12	add_user
46	Can change user	12	change_user
47	Can delete user	12	delete_user
48	Can view user	12	view_user
49	Can add user training	13	add_usertraining
50	Can change user training	13	change_usertraining
51	Can delete user training	13	delete_usertraining
52	Can view user training	13	view_usertraining
53	Can add match team	14	add_matchteam
54	Can change match team	14	change_matchteam
55	Can delete match team	14	delete_matchteam
56	Can view match team	14	view_matchteam
\.


--
-- Data for Name: auth_user; Type: TABLE DATA; Schema: public; Owner: postgres
--

COPY public.auth_user (id, password, last_login, is_superuser, username, first_name, last_name, email, is_staff, is_active, date_joined) FROM stdin;
\.


--
-- Data for Name: auth_user_groups; Type: TABLE DATA; Schema: public; Owner: postgres
--

COPY public.auth_user_groups (id, user_id, group_id) FROM stdin;
\.


--
-- Data for Name: auth_user_user_permissions; Type: TABLE DATA; Schema: public; Owner: postgres
--

COPY public.auth_user_user_permissions (id, user_id, permission_id) FROM stdin;
\.


--
-- Data for Name: django_admin_log; Type: TABLE DATA; Schema: public; Owner: postgres
--

COPY public.django_admin_log (id, action_time, object_id, object_repr, action_flag, change_message, content_type_id, user_id) FROM stdin;
\.


--
-- Data for Name: django_content_type; Type: TABLE DATA; Schema: public; Owner: postgres
--

COPY public.django_content_type (id, app_label, model) FROM stdin;
1	admin	logentry
2	auth	permission
3	auth	group
4	auth	user
5	contenttypes	contenttype
6	sessions	session
7	SportManagerApp	competition
8	SportManagerApp	match
9	SportManagerApp	sensor
10	SportManagerApp	team
11	SportManagerApp	training
12	SportManagerApp	user
13	SportManagerApp	usertraining
14	SportManagerApp	matchteam
\.


--
-- Data for Name: django_migrations; Type: TABLE DATA; Schema: public; Owner: postgres
--

COPY public.django_migrations (id, app, name, applied) FROM stdin;
1	SportManagerApp	0001_initial	2024-06-22 22:59:05.014231+03
2	contenttypes	0001_initial	2024-06-22 22:59:05.030919+03
3	auth	0001_initial	2024-06-22 22:59:05.088808+03
4	admin	0001_initial	2024-06-22 22:59:05.108195+03
5	admin	0002_logentry_remove_auto_add	2024-06-22 22:59:05.117368+03
6	admin	0003_logentry_add_action_flag_choices	2024-06-22 22:59:05.126267+03
7	contenttypes	0002_remove_content_type_name	2024-06-22 22:59:05.147241+03
8	auth	0002_alter_permission_name_max_length	2024-06-22 22:59:05.156497+03
9	auth	0003_alter_user_email_max_length	2024-06-22 22:59:05.165395+03
10	auth	0004_alter_user_username_opts	2024-06-22 22:59:05.173277+03
11	auth	0005_alter_user_last_login_null	2024-06-22 22:59:05.181507+03
12	auth	0006_require_contenttypes_0002	2024-06-22 22:59:05.184405+03
13	auth	0007_alter_validators_add_error_messages	2024-06-22 22:59:05.191643+03
14	auth	0008_alter_user_username_max_length	2024-06-22 22:59:05.202626+03
15	auth	0009_alter_user_last_name_max_length	2024-06-22 22:59:05.21085+03
16	auth	0010_alter_group_name_max_length	2024-06-22 22:59:05.220119+03
17	auth	0011_update_proxy_permissions	2024-06-22 22:59:05.230924+03
18	auth	0012_alter_user_first_name_max_length	2024-06-22 22:59:05.237908+03
19	sessions	0001_initial	2024-06-22 22:59:05.246101+03
20	SportManagerApp	0002_alter_user_role	2024-06-23 15:01:18.329463+03
\.


--
-- Data for Name: django_session; Type: TABLE DATA; Schema: public; Owner: postgres
--

COPY public.django_session (session_key, session_data, expire_date) FROM stdin;
gvy4qkmyjeazna3of8k3f2a20pvh92tw	.eJxVjDsOwjAQBe_iGlmOY3ljSnrOYO3PJIAcKU4qxN0hUgpo38y8l8m4rWPemi55EnM23px-N0J-aN2B3LHeZstzXZeJ7K7YgzZ7nUWfl8P9Oxixjd-aS4DU-6H3TEOBogKqPSYRwkgJHXRAjODYMQQNFFwXSxQt0TsHg3l_AApoOJY:1sMO8P:JO1Pd3-QBCrJrSY3NuKUdVBi14fOriiQUcAUxL3eBWU	2024-07-10 11:36:09.395886+03
\.


--
-- Name: SportManagerApp_competition_competition_id_seq; Type: SEQUENCE SET; Schema: public; Owner: postgres
--

SELECT pg_catalog.setval('public."SportManagerApp_competition_competition_id_seq"', 3, true);


--
-- Name: SportManagerApp_match_match_id_seq; Type: SEQUENCE SET; Schema: public; Owner: postgres
--

SELECT pg_catalog.setval('public."SportManagerApp_match_match_id_seq"', 6, true);


--
-- Name: SportManagerApp_matchteam_match_team_id_seq; Type: SEQUENCE SET; Schema: public; Owner: postgres
--

SELECT pg_catalog.setval('public."SportManagerApp_matchteam_match_team_id_seq"', 16, true);


--
-- Name: SportManagerApp_sensor_sensor_id_seq; Type: SEQUENCE SET; Schema: public; Owner: postgres
--

SELECT pg_catalog.setval('public."SportManagerApp_sensor_sensor_id_seq"', 1, true);


--
-- Name: SportManagerApp_team_team_id_seq; Type: SEQUENCE SET; Schema: public; Owner: postgres
--

SELECT pg_catalog.setval('public."SportManagerApp_team_team_id_seq"', 4, true);


--
-- Name: SportManagerApp_training_training_id_seq; Type: SEQUENCE SET; Schema: public; Owner: postgres
--

SELECT pg_catalog.setval('public."SportManagerApp_training_training_id_seq"', 4, true);


--
-- Name: SportManagerApp_user_user_id_seq; Type: SEQUENCE SET; Schema: public; Owner: postgres
--

SELECT pg_catalog.setval('public."SportManagerApp_user_user_id_seq"', 3, true);


--
-- Name: SportManagerApp_usertraining_user_training_id_seq; Type: SEQUENCE SET; Schema: public; Owner: postgres
--

SELECT pg_catalog.setval('public."SportManagerApp_usertraining_user_training_id_seq"', 5, true);


--
-- Name: auth_group_id_seq; Type: SEQUENCE SET; Schema: public; Owner: postgres
--

SELECT pg_catalog.setval('public.auth_group_id_seq', 1, false);


--
-- Name: auth_group_permissions_id_seq; Type: SEQUENCE SET; Schema: public; Owner: postgres
--

SELECT pg_catalog.setval('public.auth_group_permissions_id_seq', 1, false);


--
-- Name: auth_permission_id_seq; Type: SEQUENCE SET; Schema: public; Owner: postgres
--

SELECT pg_catalog.setval('public.auth_permission_id_seq', 56, true);


--
-- Name: auth_user_groups_id_seq; Type: SEQUENCE SET; Schema: public; Owner: postgres
--

SELECT pg_catalog.setval('public.auth_user_groups_id_seq', 1, false);


--
-- Name: auth_user_id_seq; Type: SEQUENCE SET; Schema: public; Owner: postgres
--

SELECT pg_catalog.setval('public.auth_user_id_seq', 1, false);


--
-- Name: auth_user_user_permissions_id_seq; Type: SEQUENCE SET; Schema: public; Owner: postgres
--

SELECT pg_catalog.setval('public.auth_user_user_permissions_id_seq', 1, false);


--
-- Name: django_admin_log_id_seq; Type: SEQUENCE SET; Schema: public; Owner: postgres
--

SELECT pg_catalog.setval('public.django_admin_log_id_seq', 1, false);


--
-- Name: django_content_type_id_seq; Type: SEQUENCE SET; Schema: public; Owner: postgres
--

SELECT pg_catalog.setval('public.django_content_type_id_seq', 14, true);


--
-- Name: django_migrations_id_seq; Type: SEQUENCE SET; Schema: public; Owner: postgres
--

SELECT pg_catalog.setval('public.django_migrations_id_seq', 20, true);


--
-- Name: SportManagerApp_competition SportManagerApp_competition_pkey; Type: CONSTRAINT; Schema: public; Owner: postgres
--

ALTER TABLE ONLY public."SportManagerApp_competition"
    ADD CONSTRAINT "SportManagerApp_competition_pkey" PRIMARY KEY (competition_id);


--
-- Name: SportManagerApp_match SportManagerApp_match_pkey; Type: CONSTRAINT; Schema: public; Owner: postgres
--

ALTER TABLE ONLY public."SportManagerApp_match"
    ADD CONSTRAINT "SportManagerApp_match_pkey" PRIMARY KEY (match_id);


--
-- Name: SportManagerApp_matchteam SportManagerApp_matchteam_pkey; Type: CONSTRAINT; Schema: public; Owner: postgres
--

ALTER TABLE ONLY public."SportManagerApp_matchteam"
    ADD CONSTRAINT "SportManagerApp_matchteam_pkey" PRIMARY KEY (match_team_id);


--
-- Name: SportManagerApp_sensor SportManagerApp_sensor_pkey; Type: CONSTRAINT; Schema: public; Owner: postgres
--

ALTER TABLE ONLY public."SportManagerApp_sensor"
    ADD CONSTRAINT "SportManagerApp_sensor_pkey" PRIMARY KEY (sensor_id);


--
-- Name: SportManagerApp_team SportManagerApp_team_pkey; Type: CONSTRAINT; Schema: public; Owner: postgres
--

ALTER TABLE ONLY public."SportManagerApp_team"
    ADD CONSTRAINT "SportManagerApp_team_pkey" PRIMARY KEY (team_id);


--
-- Name: SportManagerApp_training SportManagerApp_training_pkey; Type: CONSTRAINT; Schema: public; Owner: postgres
--

ALTER TABLE ONLY public."SportManagerApp_training"
    ADD CONSTRAINT "SportManagerApp_training_pkey" PRIMARY KEY (training_id);


--
-- Name: SportManagerApp_user SportManagerApp_user_email_key; Type: CONSTRAINT; Schema: public; Owner: postgres
--

ALTER TABLE ONLY public."SportManagerApp_user"
    ADD CONSTRAINT "SportManagerApp_user_email_key" UNIQUE (email);


--
-- Name: SportManagerApp_user SportManagerApp_user_pkey; Type: CONSTRAINT; Schema: public; Owner: postgres
--

ALTER TABLE ONLY public."SportManagerApp_user"
    ADD CONSTRAINT "SportManagerApp_user_pkey" PRIMARY KEY (user_id);


--
-- Name: SportManagerApp_usertraining SportManagerApp_usertraining_pkey; Type: CONSTRAINT; Schema: public; Owner: postgres
--

ALTER TABLE ONLY public."SportManagerApp_usertraining"
    ADD CONSTRAINT "SportManagerApp_usertraining_pkey" PRIMARY KEY (user_training_id);


--
-- Name: auth_group auth_group_name_key; Type: CONSTRAINT; Schema: public; Owner: postgres
--

ALTER TABLE ONLY public.auth_group
    ADD CONSTRAINT auth_group_name_key UNIQUE (name);


--
-- Name: auth_group_permissions auth_group_permissions_group_id_permission_id_0cd325b0_uniq; Type: CONSTRAINT; Schema: public; Owner: postgres
--

ALTER TABLE ONLY public.auth_group_permissions
    ADD CONSTRAINT auth_group_permissions_group_id_permission_id_0cd325b0_uniq UNIQUE (group_id, permission_id);


--
-- Name: auth_group_permissions auth_group_permissions_pkey; Type: CONSTRAINT; Schema: public; Owner: postgres
--

ALTER TABLE ONLY public.auth_group_permissions
    ADD CONSTRAINT auth_group_permissions_pkey PRIMARY KEY (id);


--
-- Name: auth_group auth_group_pkey; Type: CONSTRAINT; Schema: public; Owner: postgres
--

ALTER TABLE ONLY public.auth_group
    ADD CONSTRAINT auth_group_pkey PRIMARY KEY (id);


--
-- Name: auth_permission auth_permission_content_type_id_codename_01ab375a_uniq; Type: CONSTRAINT; Schema: public; Owner: postgres
--

ALTER TABLE ONLY public.auth_permission
    ADD CONSTRAINT auth_permission_content_type_id_codename_01ab375a_uniq UNIQUE (content_type_id, codename);


--
-- Name: auth_permission auth_permission_pkey; Type: CONSTRAINT; Schema: public; Owner: postgres
--

ALTER TABLE ONLY public.auth_permission
    ADD CONSTRAINT auth_permission_pkey PRIMARY KEY (id);


--
-- Name: auth_user_groups auth_user_groups_pkey; Type: CONSTRAINT; Schema: public; Owner: postgres
--

ALTER TABLE ONLY public.auth_user_groups
    ADD CONSTRAINT auth_user_groups_pkey PRIMARY KEY (id);


--
-- Name: auth_user_groups auth_user_groups_user_id_group_id_94350c0c_uniq; Type: CONSTRAINT; Schema: public; Owner: postgres
--

ALTER TABLE ONLY public.auth_user_groups
    ADD CONSTRAINT auth_user_groups_user_id_group_id_94350c0c_uniq UNIQUE (user_id, group_id);


--
-- Name: auth_user auth_user_pkey; Type: CONSTRAINT; Schema: public; Owner: postgres
--

ALTER TABLE ONLY public.auth_user
    ADD CONSTRAINT auth_user_pkey PRIMARY KEY (id);


--
-- Name: auth_user_user_permissions auth_user_user_permissions_pkey; Type: CONSTRAINT; Schema: public; Owner: postgres
--

ALTER TABLE ONLY public.auth_user_user_permissions
    ADD CONSTRAINT auth_user_user_permissions_pkey PRIMARY KEY (id);


--
-- Name: auth_user_user_permissions auth_user_user_permissions_user_id_permission_id_14a6b632_uniq; Type: CONSTRAINT; Schema: public; Owner: postgres
--

ALTER TABLE ONLY public.auth_user_user_permissions
    ADD CONSTRAINT auth_user_user_permissions_user_id_permission_id_14a6b632_uniq UNIQUE (user_id, permission_id);


--
-- Name: auth_user auth_user_username_key; Type: CONSTRAINT; Schema: public; Owner: postgres
--

ALTER TABLE ONLY public.auth_user
    ADD CONSTRAINT auth_user_username_key UNIQUE (username);


--
-- Name: django_admin_log django_admin_log_pkey; Type: CONSTRAINT; Schema: public; Owner: postgres
--

ALTER TABLE ONLY public.django_admin_log
    ADD CONSTRAINT django_admin_log_pkey PRIMARY KEY (id);


--
-- Name: django_content_type django_content_type_app_label_model_76bd3d3b_uniq; Type: CONSTRAINT; Schema: public; Owner: postgres
--

ALTER TABLE ONLY public.django_content_type
    ADD CONSTRAINT django_content_type_app_label_model_76bd3d3b_uniq UNIQUE (app_label, model);


--
-- Name: django_content_type django_content_type_pkey; Type: CONSTRAINT; Schema: public; Owner: postgres
--

ALTER TABLE ONLY public.django_content_type
    ADD CONSTRAINT django_content_type_pkey PRIMARY KEY (id);


--
-- Name: django_migrations django_migrations_pkey; Type: CONSTRAINT; Schema: public; Owner: postgres
--

ALTER TABLE ONLY public.django_migrations
    ADD CONSTRAINT django_migrations_pkey PRIMARY KEY (id);


--
-- Name: django_session django_session_pkey; Type: CONSTRAINT; Schema: public; Owner: postgres
--

ALTER TABLE ONLY public.django_session
    ADD CONSTRAINT django_session_pkey PRIMARY KEY (session_key);


--
-- Name: SportManagerApp_match_competition_id_a5524d36; Type: INDEX; Schema: public; Owner: postgres
--

CREATE INDEX "SportManagerApp_match_competition_id_a5524d36" ON public."SportManagerApp_match" USING btree (competition_id);


--
-- Name: SportManagerApp_matchteam_match_id_4c1e253c; Type: INDEX; Schema: public; Owner: postgres
--

CREATE INDEX "SportManagerApp_matchteam_match_id_4c1e253c" ON public."SportManagerApp_matchteam" USING btree (match_id);


--
-- Name: SportManagerApp_matchteam_team_id_059a3ddb; Type: INDEX; Schema: public; Owner: postgres
--

CREATE INDEX "SportManagerApp_matchteam_team_id_059a3ddb" ON public."SportManagerApp_matchteam" USING btree (team_id);


--
-- Name: SportManagerApp_user_email_56761601_like; Type: INDEX; Schema: public; Owner: postgres
--

CREATE INDEX "SportManagerApp_user_email_56761601_like" ON public."SportManagerApp_user" USING btree (email varchar_pattern_ops);


--
-- Name: SportManagerApp_user_team_id_21095ab7; Type: INDEX; Schema: public; Owner: postgres
--

CREATE INDEX "SportManagerApp_user_team_id_21095ab7" ON public."SportManagerApp_user" USING btree (team_id);


--
-- Name: SportManagerApp_usertraining_sensor_id_fbe8a663; Type: INDEX; Schema: public; Owner: postgres
--

CREATE INDEX "SportManagerApp_usertraining_sensor_id_fbe8a663" ON public."SportManagerApp_usertraining" USING btree (sensor_id);


--
-- Name: SportManagerApp_usertraining_training_id_d89f743a; Type: INDEX; Schema: public; Owner: postgres
--

CREATE INDEX "SportManagerApp_usertraining_training_id_d89f743a" ON public."SportManagerApp_usertraining" USING btree (training_id);


--
-- Name: SportManagerApp_usertraining_user_id_9323c4b6; Type: INDEX; Schema: public; Owner: postgres
--

CREATE INDEX "SportManagerApp_usertraining_user_id_9323c4b6" ON public."SportManagerApp_usertraining" USING btree (user_id);


--
-- Name: auth_group_name_a6ea08ec_like; Type: INDEX; Schema: public; Owner: postgres
--

CREATE INDEX auth_group_name_a6ea08ec_like ON public.auth_group USING btree (name varchar_pattern_ops);


--
-- Name: auth_group_permissions_group_id_b120cbf9; Type: INDEX; Schema: public; Owner: postgres
--

CREATE INDEX auth_group_permissions_group_id_b120cbf9 ON public.auth_group_permissions USING btree (group_id);


--
-- Name: auth_group_permissions_permission_id_84c5c92e; Type: INDEX; Schema: public; Owner: postgres
--

CREATE INDEX auth_group_permissions_permission_id_84c5c92e ON public.auth_group_permissions USING btree (permission_id);


--
-- Name: auth_permission_content_type_id_2f476e4b; Type: INDEX; Schema: public; Owner: postgres
--

CREATE INDEX auth_permission_content_type_id_2f476e4b ON public.auth_permission USING btree (content_type_id);


--
-- Name: auth_user_groups_group_id_97559544; Type: INDEX; Schema: public; Owner: postgres
--

CREATE INDEX auth_user_groups_group_id_97559544 ON public.auth_user_groups USING btree (group_id);


--
-- Name: auth_user_groups_user_id_6a12ed8b; Type: INDEX; Schema: public; Owner: postgres
--

CREATE INDEX auth_user_groups_user_id_6a12ed8b ON public.auth_user_groups USING btree (user_id);


--
-- Name: auth_user_user_permissions_permission_id_1fbb5f2c; Type: INDEX; Schema: public; Owner: postgres
--

CREATE INDEX auth_user_user_permissions_permission_id_1fbb5f2c ON public.auth_user_user_permissions USING btree (permission_id);


--
-- Name: auth_user_user_permissions_user_id_a95ead1b; Type: INDEX; Schema: public; Owner: postgres
--

CREATE INDEX auth_user_user_permissions_user_id_a95ead1b ON public.auth_user_user_permissions USING btree (user_id);


--
-- Name: auth_user_username_6821ab7c_like; Type: INDEX; Schema: public; Owner: postgres
--

CREATE INDEX auth_user_username_6821ab7c_like ON public.auth_user USING btree (username varchar_pattern_ops);


--
-- Name: django_admin_log_content_type_id_c4bce8eb; Type: INDEX; Schema: public; Owner: postgres
--

CREATE INDEX django_admin_log_content_type_id_c4bce8eb ON public.django_admin_log USING btree (content_type_id);


--
-- Name: django_admin_log_user_id_c564eba6; Type: INDEX; Schema: public; Owner: postgres
--

CREATE INDEX django_admin_log_user_id_c564eba6 ON public.django_admin_log USING btree (user_id);


--
-- Name: django_session_expire_date_a5c62663; Type: INDEX; Schema: public; Owner: postgres
--

CREATE INDEX django_session_expire_date_a5c62663 ON public.django_session USING btree (expire_date);


--
-- Name: django_session_session_key_c0390e0f_like; Type: INDEX; Schema: public; Owner: postgres
--

CREATE INDEX django_session_session_key_c0390e0f_like ON public.django_session USING btree (session_key varchar_pattern_ops);


--
-- Name: SportManagerApp_match SportManagerApp_matc_competition_id_a5524d36_fk_SportMana; Type: FK CONSTRAINT; Schema: public; Owner: postgres
--

ALTER TABLE ONLY public."SportManagerApp_match"
    ADD CONSTRAINT "SportManagerApp_matc_competition_id_a5524d36_fk_SportMana" FOREIGN KEY (competition_id) REFERENCES public."SportManagerApp_competition"(competition_id) DEFERRABLE INITIALLY DEFERRED;


--
-- Name: SportManagerApp_matchteam SportManagerApp_matc_match_id_4c1e253c_fk_SportMana; Type: FK CONSTRAINT; Schema: public; Owner: postgres
--

ALTER TABLE ONLY public."SportManagerApp_matchteam"
    ADD CONSTRAINT "SportManagerApp_matc_match_id_4c1e253c_fk_SportMana" FOREIGN KEY (match_id) REFERENCES public."SportManagerApp_match"(match_id) DEFERRABLE INITIALLY DEFERRED;


--
-- Name: SportManagerApp_matchteam SportManagerApp_matc_team_id_059a3ddb_fk_SportMana; Type: FK CONSTRAINT; Schema: public; Owner: postgres
--

ALTER TABLE ONLY public."SportManagerApp_matchteam"
    ADD CONSTRAINT "SportManagerApp_matc_team_id_059a3ddb_fk_SportMana" FOREIGN KEY (team_id) REFERENCES public."SportManagerApp_team"(team_id) DEFERRABLE INITIALLY DEFERRED;


--
-- Name: SportManagerApp_usertraining SportManagerApp_user_sensor_id_fbe8a663_fk_SportMana; Type: FK CONSTRAINT; Schema: public; Owner: postgres
--

ALTER TABLE ONLY public."SportManagerApp_usertraining"
    ADD CONSTRAINT "SportManagerApp_user_sensor_id_fbe8a663_fk_SportMana" FOREIGN KEY (sensor_id) REFERENCES public."SportManagerApp_sensor"(sensor_id) DEFERRABLE INITIALLY DEFERRED;


--
-- Name: SportManagerApp_user SportManagerApp_user_team_id_21095ab7_fk_SportMana; Type: FK CONSTRAINT; Schema: public; Owner: postgres
--

ALTER TABLE ONLY public."SportManagerApp_user"
    ADD CONSTRAINT "SportManagerApp_user_team_id_21095ab7_fk_SportMana" FOREIGN KEY (team_id) REFERENCES public."SportManagerApp_team"(team_id) DEFERRABLE INITIALLY DEFERRED;


--
-- Name: SportManagerApp_usertraining SportManagerApp_user_training_id_d89f743a_fk_SportMana; Type: FK CONSTRAINT; Schema: public; Owner: postgres
--

ALTER TABLE ONLY public."SportManagerApp_usertraining"
    ADD CONSTRAINT "SportManagerApp_user_training_id_d89f743a_fk_SportMana" FOREIGN KEY (training_id) REFERENCES public."SportManagerApp_training"(training_id) DEFERRABLE INITIALLY DEFERRED;


--
-- Name: SportManagerApp_usertraining SportManagerApp_user_user_id_9323c4b6_fk_SportMana; Type: FK CONSTRAINT; Schema: public; Owner: postgres
--

ALTER TABLE ONLY public."SportManagerApp_usertraining"
    ADD CONSTRAINT "SportManagerApp_user_user_id_9323c4b6_fk_SportMana" FOREIGN KEY (user_id) REFERENCES public."SportManagerApp_user"(user_id) DEFERRABLE INITIALLY DEFERRED;


--
-- Name: auth_group_permissions auth_group_permissio_permission_id_84c5c92e_fk_auth_perm; Type: FK CONSTRAINT; Schema: public; Owner: postgres
--

ALTER TABLE ONLY public.auth_group_permissions
    ADD CONSTRAINT auth_group_permissio_permission_id_84c5c92e_fk_auth_perm FOREIGN KEY (permission_id) REFERENCES public.auth_permission(id) DEFERRABLE INITIALLY DEFERRED;


--
-- Name: auth_group_permissions auth_group_permissions_group_id_b120cbf9_fk_auth_group_id; Type: FK CONSTRAINT; Schema: public; Owner: postgres
--

ALTER TABLE ONLY public.auth_group_permissions
    ADD CONSTRAINT auth_group_permissions_group_id_b120cbf9_fk_auth_group_id FOREIGN KEY (group_id) REFERENCES public.auth_group(id) DEFERRABLE INITIALLY DEFERRED;


--
-- Name: auth_permission auth_permission_content_type_id_2f476e4b_fk_django_co; Type: FK CONSTRAINT; Schema: public; Owner: postgres
--

ALTER TABLE ONLY public.auth_permission
    ADD CONSTRAINT auth_permission_content_type_id_2f476e4b_fk_django_co FOREIGN KEY (content_type_id) REFERENCES public.django_content_type(id) DEFERRABLE INITIALLY DEFERRED;


--
-- Name: auth_user_groups auth_user_groups_group_id_97559544_fk_auth_group_id; Type: FK CONSTRAINT; Schema: public; Owner: postgres
--

ALTER TABLE ONLY public.auth_user_groups
    ADD CONSTRAINT auth_user_groups_group_id_97559544_fk_auth_group_id FOREIGN KEY (group_id) REFERENCES public.auth_group(id) DEFERRABLE INITIALLY DEFERRED;


--
-- Name: auth_user_groups auth_user_groups_user_id_6a12ed8b_fk_auth_user_id; Type: FK CONSTRAINT; Schema: public; Owner: postgres
--

ALTER TABLE ONLY public.auth_user_groups
    ADD CONSTRAINT auth_user_groups_user_id_6a12ed8b_fk_auth_user_id FOREIGN KEY (user_id) REFERENCES public.auth_user(id) DEFERRABLE INITIALLY DEFERRED;


--
-- Name: auth_user_user_permissions auth_user_user_permi_permission_id_1fbb5f2c_fk_auth_perm; Type: FK CONSTRAINT; Schema: public; Owner: postgres
--

ALTER TABLE ONLY public.auth_user_user_permissions
    ADD CONSTRAINT auth_user_user_permi_permission_id_1fbb5f2c_fk_auth_perm FOREIGN KEY (permission_id) REFERENCES public.auth_permission(id) DEFERRABLE INITIALLY DEFERRED;


--
-- Name: auth_user_user_permissions auth_user_user_permissions_user_id_a95ead1b_fk_auth_user_id; Type: FK CONSTRAINT; Schema: public; Owner: postgres
--

ALTER TABLE ONLY public.auth_user_user_permissions
    ADD CONSTRAINT auth_user_user_permissions_user_id_a95ead1b_fk_auth_user_id FOREIGN KEY (user_id) REFERENCES public.auth_user(id) DEFERRABLE INITIALLY DEFERRED;


--
-- Name: django_admin_log django_admin_log_content_type_id_c4bce8eb_fk_django_co; Type: FK CONSTRAINT; Schema: public; Owner: postgres
--

ALTER TABLE ONLY public.django_admin_log
    ADD CONSTRAINT django_admin_log_content_type_id_c4bce8eb_fk_django_co FOREIGN KEY (content_type_id) REFERENCES public.django_content_type(id) DEFERRABLE INITIALLY DEFERRED;


--
-- Name: django_admin_log django_admin_log_user_id_c564eba6_fk_auth_user_id; Type: FK CONSTRAINT; Schema: public; Owner: postgres
--

ALTER TABLE ONLY public.django_admin_log
    ADD CONSTRAINT django_admin_log_user_id_c564eba6_fk_auth_user_id FOREIGN KEY (user_id) REFERENCES public.auth_user(id) DEFERRABLE INITIALLY DEFERRED;


--
-- PostgreSQL database dump complete
--

